work_year,experience_level,employment_type,job_title,salary,salary_currency,salary_in_usd,employee_residence,remote_ratio,company_location,company_size
2023,SE,FT,Data Scientist,175000,USD,175000,CA,100,CA,M
2023,SE,FT,Data Scientist,120000,USD,120000,CA,100,CA,M
2023,SE,FT,Data Scientist,219000,USD,219000,CA,0,CA,M
2023,SE,FT,Data Scientist,141000,USD,141000,CA,0,CA,M
2023,SE,FT,Data Scientist,147100,USD,147100,US,0,US,M
2023,SE,FT,Data Scientist,90700,USD,90700,US,0,US,M
2023,SE,FT,Data Analyst,130000,USD,130000,US,100,US,M
2023,SE,FT,Data Analyst,100000,USD,100000,US,100,US,M
2023,SE,FT,Data Scientist,170000,USD,170000,US,0,US,M
2023,SE,FT,Data Scientist,150000,USD,150000,US,0,US,M
2023,SE,FT,Data Scientist,212750,USD,212750,US,100,US,M
2023,SE,FT,Data Scientist,185000,USD,185000,US,100,US,M
2023,SE,FT,Data Scientist,262000,USD,262000,US,100,US,M
2023,SE,FT,Data Scientist,245000,USD,245000,US,100,US,M
2023,SE,FT,Data Scientist,275300,USD,275300,US,100,US,M
2023,SE,FT,Data Scientist,183500,USD,183500,US,100,US,M
2023,SE,FT,Data Scientist,218500,USD,218500,US,100,US,M
2023,SE,FT,Data Scientist,199098,USD,199098,US,100,US,M
2023,SE,FT,Data Scientist,172500,USD,172500,US,100,US,M
2023,SE,FT,Data Scientist,110500,USD,110500,US,100,US,M
2023,SE,FT,Data Scientist,237000,USD,237000,US,100,US,M
2023,SE,FT,Data Scientist,201450,USD,201450,US,100,US,M
2023,SE,FT,Data Scientist,45000,EUR,48289,ES,0,ES,M
2023,SE,FT,Data Scientist,36000,EUR,38631,ES,0,ES,M
2023,SE,FT,Data Scientist,105000,USD,105000,US,0,US,M
2023,SE,FT,Data Scientist,70000,USD,70000,US,0,US,M
2023,SE,FT,Data Analyst,202800,USD,202800,US,0,US,L
2023,SE,FT,Data Analyst,104300,USD,104300,US,0,US,L
2023,SE,FT,Data Analyst,145000,USD,145000,US,0,US,M
2023,SE,FT,Data Analyst,65000,USD,65000,US,0,US,M
2023,SE,FT,Data Scientist,150000,USD,150000,US,0,US,M
2023,SE,FT,Data Scientist,120000,USD,120000,US,0,US,M
2023,SE,FT,Data Scientist,138784,USD,138784,US,100,US,M
2023,SE,FT,Data Scientist,83270,USD,83270,US,100,US,M
2023,SE,FT,Data Analyst,204500,USD,204500,US,0,US,M
2023,SE,FT,Data Analyst,138900,USD,138900,US,0,US,M
2023,SE,FT,Data Scientist,195000,USD,195000,US,0,US,M
2023,SE,FT,Data Scientist,160000,USD,160000,US,0,US,M
2023,SE,FT,Data Analyst,168400,USD,168400,US,0,US,M
2023,SE,FT,Data Analyst,105200,USD,105200,US,0,US,M
2023,SE,FT,Data Analyst,45000,GBP,54685,CF,100,CF,M
2023,SE,FT,Data Analyst,35000,GBP,42533,CF,100,CF,M
2023,SE,FT,Data Scientist,228000,USD,228000,US,0,US,M
2023,SE,FT,Data Scientist,186000,USD,186000,US,0,US,M
2023,SE,FT,Data Scientist,190000,USD,190000,US,0,US,M
2023,SE,FT,Data Scientist,170000,USD,170000,US,0,US,M
2023,SE,FT,Data Scientist,224000,USD,224000,CA,0,CA,M
2023,SE,FT,Data Scientist,176000,USD,176000,CA,0,CA,M
2023,SE,FT,Data Analyst,120000,USD,120000,US,100,US,M
2023,SE,FT,Data Analyst,75000,USD,75000,US,100,US,M
2023,SE,FT,Data Analyst,140000,USD,140000,US,0,US,M
2023,SE,FT,Data Analyst,120000,USD,120000,US,0,US,M
2023,SE,FT,Data Scientist,250000,USD,250000,US,0,US,M
2023,SE,FT,Data Scientist,162500,USD,162500,US,0,US,M
2023,SE,FT,Data Scientist,203500,USD,203500,US,0,US,M
2023,SE,FT,Data Scientist,152000,USD,152000,US,0,US,M
2023,SE,FT,Data Scientist,239000,USD,239000,US,0,US,L
2023,SE,FT,Data Scientist,122900,USD,122900,US,0,US,L
2023,SE,FT,Data Scientist,237000,USD,237000,US,0,US,M
2023,SE,FT,Data Scientist,145000,USD,145000,US,0,US,M
2023,SE,FT,Data Analyst,135000,USD,135000,US,0,US,M
2023,SE,FT,Data Analyst,105500,USD,105500,US,0,US,M
2023,SE,FT,Data Analyst,80000,USD,80000,US,0,US,M
2023,SE,FT,Data Analyst,70000,USD,70000,US,0,US,M
2023,SE,FT,Data Scientist,175000,USD,175000,US,100,US,M
2023,SE,FT,Data Scientist,145000,USD,145000,US,100,US,M
2023,SE,FT,Data Analyst,200000,USD,200000,US,0,US,M
2023,SE,FT,Data Analyst,148500,USD,148500,US,0,US,M
2023,SE,FT,Data Scientist,45000,EUR,48289,ES,0,ES,M
2023,SE,FT,Data Scientist,36000,EUR,38631,ES,0,ES,M
2023,SE,FT,Data Analyst,149500,USD,149500,US,100,US,M
2023,SE,FT,Data Analyst,127075,USD,127075,US,100,US,M
2023,SE,FT,Data Scientist,195000,USD,195000,US,0,US,M
2023,SE,FT,Data Scientist,160000,USD,160000,US,0,US,M
2023,SE,FT,Data Scientist,170000,USD,170000,US,0,US,M
2023,SE,FT,Data Scientist,135000,USD,135000,US,0,US,M
2023,SE,FT,Data Scientist,175000,USD,175000,US,100,US,M
2023,SE,FT,Data Scientist,145000,USD,145000,US,100,US,M
2023,SE,FT,Data Scientist,199000,USD,199000,US,0,US,M
2023,SE,FT,Data Scientist,162000,USD,162000,US,0,US,M
2023,SE,FT,Data Analyst,187000,USD,187000,US,0,US,M
2023,SE,FT,Data Analyst,128000,USD,128000,US,0,US,M
2023,SE,FT,Data Scientist,175000,USD,175000,US,100,US,M
2023,SE,FT,Data Scientist,100000,USD,100000,US,100,US,M
2023,SE,FT,Data Scientist,245000,USD,245000,US,0,US,M
2023,SE,FT,Data Scientist,180000,USD,180000,US,0,US,M
2023,SE,FT,Data Analyst,142000,USD,142000,US,100,US,M
2023,SE,FT,Data Analyst,75000,USD,75000,US,100,US,M
2023,SE,FT,Data Analyst,125000,USD,125000,US,100,US,M
2023,SE,FT,Data Analyst,112000,USD,112000,US,100,US,M
2023,SE,FT,Data Scientist,210000,USD,210000,US,0,US,M
2023,SE,FT,Data Scientist,155000,USD,155000,US,0,US,M
2023,SE,FT,Data Scientist,165000,USD,165000,US,0,US,M
2023,SE,FT,Data Scientist,140000,USD,140000,US,0,US,M
2023,SE,FT,Data Analyst,139000,USD,139000,US,0,US,M
2023,SE,FT,Data Analyst,106000,USD,106000,US,0,US,M
2023,SE,FT,Data Analyst,140000,USD,140000,US,0,US,M
2023,SE,FT,Data Analyst,120000,USD,120000,US,0,US,M
2023,SE,FT,Data Analyst,175000,USD,175000,CA,100,CA,M
2023,SE,FT,Data Analyst,135000,USD,135000,CA,100,CA,M
2023,SE,FT,Data Scientist,203000,USD,203000,US,100,US,M
2023,SE,FT,Data Scientist,133200,USD,133200,US,100,US,M
2023,SE,FT,Data Scientist,185900,USD,185900,US,0,US,M
2023,SE,FT,Data Scientist,129300,USD,129300,US,0,US,M
2023,SE,FT,Data Scientist,238000,USD,238000,US,100,US,M
2023,SE,FT,Data Scientist,156000,USD,156000,US,100,US,M
2023,SE,FT,Data Scientist,140000,USD,140000,US,100,US,M
2023,SE,FT,Data Scientist,110000,USD,110000,US,100,US,M
2023,SE,FT,Data Analyst,155000,USD,155000,US,0,US,M
2023,SE,FT,Data Analyst,106000,USD,106000,US,0,US,M
2023,SE,FT,Data Scientist,157750,USD,157750,US,100,US,M
2023,SE,FT,Data Scientist,104650,USD,104650,US,100,US,M
2023,SE,FT,Data Scientist,45000,EUR,48289,ES,0,ES,M
2023,SE,FT,Data Scientist,36000,EUR,38631,ES,0,ES,M
2023,SE,FT,Data Analyst,105000,USD,105000,US,100,US,M
2023,SE,FT,Data Analyst,90000,USD,90000,US,100,US,M
2023,SE,FT,Data Analyst,135000,USD,135000,US,0,US,M
2023,SE,FT,Data Analyst,105500,USD,105500,US,0,US,M
2023,SE,FT,Data Scientist,252000,USD,252000,US,0,US,M
2023,SE,FT,Data Scientist,154000,USD,154000,US,0,US,M
2023,SE,FT,Data Scientist,191765,USD,191765,US,0,US,M
2023,SE,FT,Data Scientist,134236,USD,134236,US,0,US,M
2023,SE,FT,Data Scientist,175000,USD,175000,US,100,US,M
2023,SE,FT,Data Scientist,145000,USD,145000,US,100,US,M
2023,SE,FT,Data Scientist,237000,USD,237000,US,100,US,M
2023,SE,FT,Data Scientist,145000,USD,145000,US,100,US,M
2023,SE,FT,Data Analyst,80000,USD,80000,US,0,US,M
2023,SE,FT,Data Analyst,70000,USD,70000,US,0,US,M
2023,SE,FT,Data Analyst,208450,USD,208450,US,100,US,M
2023,SE,FT,Data Analyst,170550,USD,170550,US,100,US,M
2023,SE,FT,Data Scientist,200000,USD,200000,US,100,US,M
2023,SE,FT,Data Scientist,170000,USD,170000,US,100,US,M
2023,SE,FT,Data Scientist,171250,USD,171250,IE,0,IE,M
2023,SE,FT,Data Scientist,113750,USD,113750,IE,0,IE,M
2023,SE,FT,Data Analyst,153600,USD,153600,US,0,US,M
2023,SE,FT,Data Analyst,100500,USD,100500,US,0,US,M
2023,SE,FT,Data Scientist,258000,USD,258000,CA,0,CA,M
2023,SE,FT,Data Scientist,190000,USD,190000,CA,0,CA,M
2023,SE,FT,Data Scientist,170000,USD,170000,US,0,US,M
2023,SE,FT,Data Scientist,135000,USD,135000,US,0,US,M
2023,SE,FT,Data Scientist,195000,USD,195000,US,0,US,M
2023,SE,FT,Data Scientist,160000,USD,160000,US,0,US,M
2023,SE,FT,Data Analyst,100000,USD,100000,US,100,US,M
2023,SE,FT,Data Analyst,80000,USD,80000,US,100,US,M
2023,SE,FT,Data Scientist,297300,USD,297300,US,100,US,M
2023,SE,FT,Data Scientist,198200,USD,198200,US,100,US,M
2023,SE,FT,Data Scientist,200000,USD,200000,US,100,US,M
2023,SE,FT,Data Scientist,170000,USD,170000,US,100,US,M
2023,SE,FT,Data Scientist,317070,USD,317070,US,0,US,M
2023,SE,FT,Data Scientist,170730,USD,170730,US,0,US,M
2023,SE,FT,Data Scientist,225000,USD,225000,US,0,US,M
2023,SE,FT,Data Scientist,175000,USD,175000,US,0,US,M
2023,SE,FT,Data Analyst,175000,USD,175000,US,0,US,M
2023,SE,FT,Data Analyst,145000,USD,145000,US,0,US,M
2023,SE,FT,Data Analyst,148700,USD,148700,US,0,US,M
2023,SE,FT,Data Analyst,125600,USD,125600,US,0,US,M
2023,SE,FT,Data Analyst,185000,USD,185000,US,100,US,M
2023,SE,FT,Data Analyst,120250,USD,120250,US,100,US,M
2023,SE,FT,Data Scientist,275300,USD,275300,US,100,US,M
2023,SE,FT,Data Scientist,183000,USD,183000,US,100,US,M
2023,SE,FT,Data Scientist,185900,USD,185900,US,0,US,M
2023,SE,FT,Data Scientist,129300,USD,129300,US,0,US,M
2023,SE,FT,Data Scientist,173000,USD,173000,US,100,US,M
2023,SE,FT,Data Scientist,132000,USD,132000,US,100,US,M
2023,SE,FT,Data Analyst,208049,USD,208049,US,0,US,M
2023,SE,FT,Data Analyst,128500,USD,128500,US,0,US,M
2023,SE,FT,Data Scientist,275300,USD,275300,US,100,US,M
2023,SE,FT,Data Scientist,183500,USD,183500,US,100,US,M
2023,SE,FT,Data Analyst,190000,USD,190000,US,100,US,M
2023,SE,FT,Data Analyst,95000,USD,95000,US,100,US,M
2023,SE,FT,Data Analyst,153600,USD,153600,US,0,US,M
2023,SE,FT,Data Analyst,106800,USD,106800,US,0,US,M
2023,SE,FT,Data Scientist,275300,USD,275300,US,100,US,M
2023,SE,FT,Data Scientist,183500,USD,183500,US,100,US,M
2023,SE,FT,Data Analyst,135000,USD,135000,US,0,US,M
2023,SE,FT,Data Analyst,105500,USD,105500,US,0,US,M
2023,SE,FT,Data Analyst,100000,USD,100000,US,100,US,M
2023,SE,FT,Data Analyst,80000,USD,80000,US,100,US,M
2023,SE,FT,Data Scientist,201036,USD,201036,US,0,US,M
2023,SE,FT,Data Scientist,134024,USD,134024,US,0,US,M
2023,SE,FT,Data Analyst,165000,USD,165000,US,100,US,M
2023,SE,FT,Data Analyst,140000,USD,140000,US,100,US,M
2023,SE,FT,Data Scientist,172000,USD,172000,US,0,US,M
2023,SE,FT,Data Scientist,115000,USD,115000,US,0,US,M
2023,SE,FT,Data Scientist,237000,USD,237000,US,100,US,M
2023,SE,FT,Data Scientist,145000,USD,145000,US,100,US,M
2023,SE,FT,Data Scientist,258000,USD,258000,CA,0,CA,M
2023,SE,FT,Data Scientist,190000,USD,190000,CA,0,CA,M
2023,SE,FT,Data Scientist,239748,USD,239748,US,0,US,M
2023,SE,FT,Data Scientist,159832,USD,159832,US,0,US,M
2023,SE,FT,Data Scientist,186300,USD,186300,US,100,US,M
2023,SE,FT,Data Scientist,102500,USD,102500,US,100,US,M
2023,SE,FT,Data Scientist,190000,USD,190000,US,0,US,M
2023,SE,FT,Data Scientist,126000,USD,126000,US,0,US,M
2023,SE,FT,Data Analyst,180180,USD,180180,US,0,US,M
2023,SE,FT,Data Analyst,106020,USD,106020,US,0,US,M
2023,SE,FT,Data Analyst,153600,USD,153600,US,0,US,M
2023,SE,FT,Data Analyst,100500,USD,100500,US,0,US,M
2023,SE,FT,Data Analyst,206500,USD,206500,US,100,US,M
2023,SE,FT,Data Analyst,121600,USD,121600,US,100,US,M
2023,SE,FT,Data Analyst,115934,USD,115934,US,100,US,M
2023,SE,FT,Data Analyst,81666,USD,81666,US,100,US,M
2023,SE,FT,Data Scientist,175000,USD,175000,US,0,US,M
2023,SE,FT,Data Scientist,120000,USD,120000,US,0,US,M
2023,SE,FT,Data Analyst,110000,USD,110000,US,100,US,M
2023,SE,FT,Data Analyst,75000,USD,75000,US,100,US,M
2023,SE,FT,Data Scientist,210000,USD,210000,US,0,US,M
2023,SE,FT,Data Scientist,160000,USD,160000,US,0,US,M
2023,SE,FT,Data Analyst,185000,USD,185000,US,100,US,M
2023,SE,FT,Data Analyst,120250,USD,120250,US,100,US,M
2023,SE,FT,Data Scientist,205000,USD,205000,US,0,US,M
2023,SE,FT,Data Scientist,140000,USD,140000,US,0,US,M
2023,SE,FT,Data Scientist,297300,USD,297300,US,100,US,M
2023,SE,FT,Data Scientist,198200,USD,198200,US,100,US,M
2023,SE,FT,Data Analyst,70000,USD,70000,US,0,US,M
2023,SE,FT,Data Analyst,55000,USD,55000,US,0,US,M
2023,SE,FT,Data Analyst,180180,USD,180180,US,0,US,M
2023,SE,FT,Data Analyst,106020,USD,106020,US,0,US,M
2023,SE,FT,Data Scientist,105000,USD,105000,US,0,US,M
2023,SE,FT,Data Scientist,70000,USD,70000,US,0,US,M
2023,SE,FT,Data Analyst,169000,USD,169000,US,0,US,M
2023,SE,FT,Data Analyst,110600,USD,110600,US,0,US,M
2023,SE,FT,Data Scientist,239748,USD,239748,US,0,US,M
2023,SE,FT,Data Scientist,159832,USD,159832,US,0,US,M
2023,SE,FT,Data Analyst,250000,USD,250000,US,100,US,M
2023,SE,FT,Data Analyst,138000,USD,138000,US,100,US,M
2023,SE,FT,Data Analyst,127000,USD,127000,US,100,US,M
2023,SE,FT,Data Analyst,94000,USD,94000,US,100,US,M
2023,SE,FT,Data Scientist,210550,USD,210550,US,0,US,M
2023,SE,FT,Data Scientist,153300,USD,153300,US,0,US,M
2023,SE,FT,Data Analyst,161500,USD,161500,US,100,US,M
2023,SE,FT,Data Analyst,119500,USD,119500,US,100,US,M
2023,SE,FT,Data Analyst,175000,USD,175000,US,0,US,M
2023,SE,FT,Data Analyst,145000,USD,145000,US,0,US,M
2023,SE,FT,Data Scientist,175000,USD,175000,US,0,US,M
2023,SE,FT,Data Scientist,148750,USD,148750,US,0,US,M
2023,SE,FT,Data Scientist,186300,USD,186300,US,100,US,M
2023,SE,FT,Data Scientist,123900,USD,123900,US,100,US,M
2023,SE,FT,Data Analyst,185900,USD,185900,US,0,US,M
2023,SE,FT,Data Analyst,121700,USD,121700,US,0,US,M
2023,SE,FT,Data Analyst,153600,USD,153600,US,0,US,M
2023,SE,FT,Data Analyst,106800,USD,106800,US,0,US,M
2023,SE,FT,Data Analyst,125000,USD,125000,US,0,US,M
2023,SE,FT,Data Analyst,110000,USD,110000,US,0,US,M
2023,SE,FT,Data Scientist,149076,USD,149076,US,0,US,M
2023,SE,FT,Data Scientist,82365,USD,82365,US,0,US,M
2023,SE,FT,Data Analyst,95000,USD,95000,US,0,US,M
2023,SE,FT,Data Analyst,85500,USD,85500,US,0,US,M
2023,SE,FT,Data Analyst,185900,USD,185900,US,0,US,M
2023,SE,FT,Data Analyst,121700,USD,121700,US,0,US,M
2023,SE,FT,Data Scientist,201000,USD,201000,US,0,US,M
2023,SE,FT,Data Scientist,122000,USD,122000,US,0,US,M
2023,SE,FT,Data Analyst,120000,USD,120000,US,100,US,M
2023,SE,FT,Data Analyst,75000,USD,75000,US,100,US,M
2023,SE,FT,Data Scientist,185900,USD,185900,US,0,US,M
2023,SE,FT,Data Scientist,129300,USD,129300,US,0,US,M
2023,SE,FT,Data Scientist,201000,USD,201000,US,0,US,M
2023,SE,FT,Data Scientist,122000,USD,122000,US,0,US,M
2023,SE,FT,Data Scientist,190000,USD,190000,US,0,US,M
2023,SE,FT,Data Scientist,136000,USD,136000,US,0,US,M
2023,SE,FT,Data Analyst,180000,USD,180000,US,0,US,M
2023,SE,FT,Data Analyst,110000,USD,110000,US,0,US,M
2023,SE,FT,Data Scientist,275300,USD,275300,US,100,US,M
2023,SE,FT,Data Scientist,183000,USD,183000,US,100,US,M
2023,SE,FT,Data Scientist,175000,USD,175000,US,100,US,M
2023,SE,FT,Data Scientist,160000,USD,160000,US,100,US,M
2023,SE,FT,Data Scientist,225000,USD,225000,US,0,US,M
2023,SE,FT,Data Scientist,156400,USD,156400,US,0,US,M
2023,SE,FT,Data Analyst,145000,USD,145000,US,100,US,M
2023,SE,FT,Data Analyst,90000,USD,90000,US,100,US,M
2023,SE,FT,Data Analyst,95000,USD,95000,US,0,US,M
2023,SE,FT,Data Analyst,85500,USD,85500,US,0,US,M
2023,SE,FT,Data Scientist,260000,USD,260000,US,0,US,M
2023,SE,FT,Data Scientist,186000,USD,186000,US,0,US,M
2023,SE,FT,Data Scientist,45000,EUR,48289,ES,0,ES,M
2023,SE,FT,Data Scientist,36000,EUR,38631,ES,0,ES,M
2023,SE,FT,Data Scientist,150000,USD,150000,US,0,US,M
2023,SE,FT,Data Scientist,120000,USD,120000,US,0,US,M
2023,SE,FT,Data Analyst,175000,USD,175000,US,100,US,M
2023,SE,FT,Data Analyst,130000,USD,130000,US,100,US,M
2023,SE,FT,Data Analyst,122000,USD,122000,US,100,US,M
2023,SE,FT,Data Analyst,93800,USD,93800,US,100,US,M
2023,SE,FT,Data Analyst,165000,USD,165000,US,100,US,M
2023,SE,FT,Data Analyst,112000,USD,112000,US,100,US,M
2023,SE,FT,Data Analyst,1300000,INR,15806,IN,100,IN,S
2023,SE,FT,Data Analyst,185900,USD,185900,US,0,US,M
2023,SE,FT,Data Analyst,121700,USD,121700,US,0,US,M
2023,SE,FT,Data Analyst,180180,USD,180180,US,0,US,M
2023,SE,FT,Data Analyst,106020,USD,106020,US,0,US,M
2023,SE,FT,Data Scientist,136000,USD,136000,US,100,US,M
2023,SE,FT,Data Scientist,104000,USD,104000,US,100,US,M
2023,SE,FT,Data Analyst,125000,USD,125000,US,0,US,M
2023,SE,FT,Data Analyst,110000,USD,110000,US,0,US,M
2023,SE,FT,Data Analyst,152380,USD,152380,US,0,US,M
2023,SE,FT,Data Analyst,121904,USD,121904,US,0,US,M
2023,SE,FT,Data Scientist,185900,USD,185900,US,0,US,M
2023,SE,FT,Data Scientist,129300,USD,129300,US,0,US,M
2023,SE,FT,Data Analyst,170500,USD,170500,US,100,US,M
2023,SE,FT,Data Analyst,85000,USD,85000,US,100,US,M
2023,SE,FT,Data Analyst,179975,USD,179975,US,100,US,M
2023,SE,FT,Data Analyst,86466,USD,86466,US,100,US,M
2023,SE,FT,Data Scientist,149076,USD,149076,US,0,US,M
2023,SE,FT,Data Scientist,82365,USD,82365,US,0,US,M
2023,SE,FT,Data Analyst,169000,USD,169000,US,0,US,M
2023,SE,FT,Data Analyst,110600,USD,110600,US,0,US,M
2023,SE,FT,Data Analyst,230000,USD,230000,US,0,US,M
2023,SE,FT,Data Analyst,180000,USD,180000,US,0,US,M
2023,SE,FT,Data Analyst,153600,USD,153600,US,0,US,M
2023,SE,FT,Data Analyst,106800,USD,106800,US,0,US,M
2023,SE,FT,Data Analyst,165000,USD,165000,US,100,US,M
2023,SE,FT,Data Analyst,125000,USD,125000,US,100,US,M
2023,SE,FT,Data Analyst,95000,USD,95000,US,0,US,M
2023,SE,FT,Data Analyst,85500,USD,85500,US,0,US,M
2023,SE,FT,Data Scientist,147100,USD,147100,US,0,US,M
2023,SE,FT,Data Scientist,90700,USD,90700,US,0,US,M
2023,SE,FT,Data Scientist,300240,USD,300240,US,0,US,M
2023,SE,FT,Data Scientist,200160,USD,200160,US,0,US,M
2023,SE,FT,Data Scientist,300240,USD,300240,US,0,US,M
2023,SE,FT,Data Scientist,200160,USD,200160,US,0,US,M
2023,SE,FT,Data Scientist,370000,USD,370000,US,0,US,M
2023,SE,FT,Data Scientist,245000,USD,245000,US,0,US,M
2023,SE,FT,Data Analyst,110000,USD,110000,US,100,US,S
2023,SE,FT,Data Analyst,80000,USD,80000,US,100,US,S
2023,SE,FT,Data Analyst,95000,USD,95000,US,0,US,M
2023,SE,FT,Data Analyst,85000,USD,85000,US,0,US,M
2023,SE,FT,Data Scientist,126500,USD,126500,US,0,US,M
2023,SE,FT,Data Scientist,78000,USD,78000,US,0,US,M
2023,SE,FT,Data Analyst,142000,USD,142000,US,100,US,M
2023,SE,FT,Data Analyst,95000,USD,95000,US,100,US,M
2023,SE,FT,Data Scientist,155000,USD,155000,US,0,US,M
2023,SE,FT,Data Scientist,139500,USD,139500,US,0,US,M
2023,SE,FT,Data Scientist,225000,USD,225000,US,0,US,M
2023,SE,FT,Data Scientist,156400,USD,156400,US,0,US,M
2023,SE,FT,Data Scientist,185900,USD,185900,US,0,US,M
2023,SE,FT,Data Scientist,129300,USD,129300,US,0,US,M
2023,SE,FT,Data Analyst,120000,USD,120000,US,100,US,M
2023,SE,FT,Data Analyst,75000,USD,75000,US,100,US,M
2023,SE,FT,Data Analyst,169000,USD,169000,US,0,US,M
2023,SE,FT,Data Analyst,110600,USD,110600,US,0,US,M
2023,SE,FT,Data Scientist,215050,USD,215050,US,100,US,M
2023,SE,FT,Data Scientist,156400,USD,156400,US,100,US,M
2023,SE,FT,Data Scientist,209300,USD,209300,US,100,US,M
2023,SE,FT,Data Scientist,182200,USD,182200,US,100,US,M
2023,SE,FT,Data Analyst,227000,USD,227000,US,0,US,M
2023,SE,FT,Data Analyst,108000,USD,108000,US,0,US,M
2023,SE,FT,Data Analyst,52000,EUR,55800,ES,100,ES,M
2023,SE,FT,Data Analyst,48000,EUR,51508,ES,100,ES,M
2023,SE,FT,Data Analyst,80000,USD,80000,US,0,US,M
2023,SE,FT,Data Analyst,52500,USD,52500,US,0,US,M
2023,SE,FT,Data Analyst,153600,USD,153600,US,0,US,M
2023,SE,FT,Data Analyst,106800,USD,106800,US,0,US,M
2023,SE,FT,Data Analyst,115934,USD,115934,US,100,US,M
2023,SE,FT,Data Analyst,81666,USD,81666,US,100,US,M
2023,SE,FT,Data Analyst,385000,USD,385000,US,0,US,M
2023,SE,FT,Data Analyst,60000,USD,60000,US,0,US,M
2023,SE,FT,Data Scientist,145000,USD,145000,US,100,US,M
2023,SE,FT,Data Scientist,135000,USD,135000,US,100,US,M
2023,SE,FT,Data Analyst,180180,USD,180180,US,0,US,M
2023,SE,FT,Data Analyst,106020,USD,106020,US,0,US,M
2023,SE,FT,Data Analyst,93919,USD,93919,US,100,US,M
2023,SE,FT,Data Analyst,51962,USD,51962,US,100,US,M
2023,SE,FT,Data Scientist,170000,USD,170000,US,100,US,M
2023,SE,FT,Data Scientist,90000,USD,90000,US,100,US,M
2023,SE,FT,Data Analyst,192500,USD,192500,US,100,US,M
2023,SE,FT,Data Analyst,140000,USD,140000,US,100,US,M
2023,SE,FT,Data Scientist,149076,USD,149076,US,0,US,M
2023,SE,FT,Data Scientist,82365,USD,82365,US,0,US,M
2023,SE,FT,Data Scientist,175000,USD,175000,US,0,US,M
2023,SE,FT,Data Scientist,148750,USD,148750,US,0,US,M
2023,SE,FT,Data Scientist,235000,USD,235000,US,100,US,M
2023,SE,FT,Data Scientist,185000,USD,185000,US,100,US,M
2023,SE,FT,Data Scientist,216100,USD,216100,US,0,US,M
2023,SE,FT,Data Scientist,140800,USD,140800,US,0,US,M
2023,SE,FT,Data Scientist,250000,USD,250000,US,0,US,M
2023,SE,FT,Data Scientist,162500,USD,162500,US,0,US,M
2023,SE,FT,Data Scientist,185000,USD,185000,GB,0,GB,M
2023,SE,FT,Data Scientist,120250,USD,120250,GB,0,GB,M
2023,SE,FT,Data Scientist,225000,USD,225000,US,100,US,M
2023,SE,FT,Data Scientist,156400,USD,156400,US,100,US,M
2023,SE,FT,Data Scientist,225000,USD,225000,US,0,US,M
2023,SE,FT,Data Scientist,156400,USD,156400,US,0,US,M
2023,SE,FT,Data Analyst,153600,USD,153600,US,0,US,M
2023,SE,FT,Data Analyst,106800,USD,106800,US,0,US,M
2023,SE,FT,Data Scientist,165000,USD,165000,US,100,US,M
2023,SE,FT,Data Scientist,144000,USD,144000,US,100,US,M
2023,SE,FT,Data Scientist,105000,USD,105000,US,0,US,M
2023,SE,FT,Data Scientist,70000,USD,70000,US,0,US,M
2023,SE,FT,Data Analyst,180180,USD,180180,US,0,US,M
2023,SE,FT,Data Analyst,106020,USD,106020,US,0,US,M
2023,SE,FT,Data Scientist,183000,USD,183000,US,0,US,M
2023,SE,FT,Data Scientist,134000,USD,134000,US,0,US,M
2023,SE,FT,Data Analyst,122000,USD,122000,US,0,US,M
2023,SE,FT,Data Analyst,94000,USD,94000,US,0,US,M
2023,SE,FT,Data Scientist,225000,USD,225000,US,100,US,M
2023,SE,FT,Data Scientist,156400,USD,156400,US,100,US,M
2023,SE,FT,Data Scientist,228000,USD,228000,US,0,US,M
2023,SE,FT,Data Scientist,152000,USD,152000,US,0,US,M
2023,SE,FT,Data Scientist,209450,USD,209450,US,100,US,M
2023,SE,FT,Data Scientist,158677,USD,158677,US,100,US,M
2023,SE,FT,Data Analyst,175000,USD,175000,US,0,US,M
2023,SE,FT,Data Analyst,145000,USD,145000,US,0,US,M
2023,SE,FT,Data Scientist,59000,EUR,63312,CY,50,EE,L
2023,SE,FT,Data Scientist,237000,USD,237000,US,100,US,M
2023,SE,FT,Data Scientist,145000,USD,145000,US,100,US,M
2023,SE,FT,Data Scientist,240000,USD,240000,US,100,US,M
2023,SE,FT,Data Scientist,139000,USD,139000,US,100,US,M
2023,SE,FT,Data Analyst,130000,USD,130000,US,100,US,M
2023,SE,FT,Data Analyst,87000,USD,87000,US,100,US,M
2023,SE,FT,Data Analyst,160000,USD,160000,US,100,US,M
2023,SE,FT,Data Analyst,108000,USD,108000,US,100,US,M
2023,SE,FT,Data Scientist,285800,USD,285800,US,100,US,M
2023,SE,FT,Data Scientist,154600,USD,154600,US,100,US,M
2023,SE,FT,Data Scientist,275300,USD,275300,US,100,US,M
2023,SE,FT,Data Scientist,183500,USD,183500,US,100,US,M
2023,SE,FT,Data Scientist,275300,USD,275300,US,100,US,M
2023,SE,FT,Data Scientist,183500,USD,183500,US,100,US,M
2023,SE,FT,Data Analyst,160000,USD,160000,US,100,US,M
2023,SE,FT,Data Analyst,125600,USD,125600,US,100,US,M
2023,SE,FT,Data Analyst,141290,USD,141290,US,0,US,M
2023,SE,FT,Data Analyst,74178,USD,74178,US,0,US,M
2023,SE,FT,Data Scientist,150000,USD,150000,US,0,US,M
2023,SE,FT,Data Scientist,120000,USD,120000,US,0,US,M
2023,SE,FT,Data Scientist,136000,USD,136000,US,100,US,M
2023,SE,FT,Data Scientist,104000,USD,104000,US,100,US,M
2023,SE,FT,Data Scientist,110000,USD,110000,US,100,US,M
2023,SE,FT,Data Scientist,84000,USD,84000,US,100,US,M
2023,SE,FT,Data Scientist,190000,USD,190000,US,0,US,M
2023,SE,FT,Data Scientist,165000,USD,165000,US,0,US,M
2023,SE,FT,Data Scientist,225000,USD,225000,US,0,US,M
2023,SE,FT,Data Scientist,156400,USD,156400,US,0,US,M
2023,SE,FT,Data Scientist,257000,USD,257000,US,0,US,M
2023,SE,FT,Data Scientist,134000,USD,134000,US,0,US,M
2023,SE,FT,Data Scientist,72000,EUR,77262,LV,0,LV,M
2023,SE,FT,Data Scientist,36000,EUR,38631,LV,0,LV,M
2023,SE,FT,Data Analyst,48000,EUR,51508,ES,0,ES,M
2023,SE,FT,Data Analyst,38000,EUR,40777,ES,0,ES,M
2023,SE,FT,Data Analyst,48000,EUR,51508,ES,0,ES,M
2023,SE,FT,Data Analyst,38000,EUR,40777,ES,0,ES,M
2023,SE,FT,Data Scientist,237000,USD,237000,US,100,US,M
2023,SE,FT,Data Scientist,145000,USD,145000,US,100,US,M
2023,SE,FT,Data Scientist,130000,USD,130000,US,100,US,M
2023,SE,FT,Data Scientist,90000,USD,90000,US,100,US,M
2023,SE,FT,Data Analyst,145000,USD,145000,US,100,US,M
2023,SE,FT,Data Analyst,102500,USD,102500,US,100,US,M
2023,SE,FT,Data Scientist,210000,USD,210000,US,0,US,M
2023,SE,FT,Data Scientist,185000,USD,185000,US,0,US,M
2023,SE,FT,Data Scientist,220000,USD,220000,US,0,US,M
2023,SE,FT,Data Scientist,146000,USD,146000,US,0,US,M
2023,SE,FT,Data Scientist,182000,USD,182000,US,0,US,M
2023,SE,FT,Data Scientist,140000,USD,140000,US,0,US,M
2023,SE,FT,Data Scientist,136000,USD,136000,US,100,US,M
2023,SE,FT,Data Scientist,104000,USD,104000,US,100,US,M
2023,SE,FT,Data Scientist,168000,USD,168000,US,100,US,M
2023,SE,FT,Data Scientist,130000,USD,130000,US,100,US,M
2023,SE,FT,Data Scientist,153400,USD,153400,US,0,US,M
2023,SE,FT,Data Scientist,122700,USD,122700,US,0,US,M
2023,SE,FT,Data Scientist,185000,USD,185000,US,0,US,M
2023,SE,FT,Data Scientist,160000,USD,160000,US,0,US,M
2023,SE,FT,Data Scientist,205000,USD,205000,US,100,US,M
2023,SE,FT,Data Scientist,185000,USD,185000,US,100,US,M
2023,SE,FT,Data Scientist,223800,USD,223800,US,0,US,M
2023,SE,FT,Data Scientist,172100,USD,172100,US,0,US,M
2023,SE,FT,Data Scientist,180000,USD,180000,US,0,US,M
2023,SE,FT,Data Scientist,150000,USD,150000,US,0,US,M
2023,SE,FT,Data Scientist,168400,USD,168400,US,0,US,M
2023,SE,FT,Data Scientist,105200,USD,105200,US,0,US,M
2023,SE,FT,Data Scientist,297300,USD,297300,US,100,US,M
2023,SE,FT,Data Scientist,198200,USD,198200,US,100,US,M
2023,SE,FT,Data Scientist,110000,USD,110000,US,100,US,M
2023,SE,FT,Data Scientist,84000,USD,84000,US,100,US,M
2023,SE,FT,Data Scientist,185900,USD,185900,US,0,US,M
2023,SE,FT,Data Scientist,129300,USD,129300,US,0,US,M
2023,SE,FT,Data Analyst,240500,USD,240500,US,0,US,M
2023,SE,FT,Data Analyst,137500,USD,137500,US,0,US,M
2023,SE,FT,Data Scientist,135000,USD,135000,US,100,US,M
2023,SE,FT,Data Scientist,115000,USD,115000,US,100,US,M
2023,SE,FT,Data Scientist,170000,USD,170000,US,100,US,M
2023,SE,FT,Data Scientist,140000,USD,140000,US,100,US,M
2023,SE,FT,Data Analyst,125000,USD,125000,US,0,US,M
2023,SE,FT,Data Analyst,85000,USD,85000,US,0,US,M
2023,SE,FT,Data Analyst,130000,USD,130000,US,100,US,M
2023,SE,FT,Data Analyst,80000,USD,80000,US,100,US,M
2023,SE,FT,Data Scientist,272550,USD,272550,US,0,US,M
2023,SE,FT,Data Scientist,198200,USD,198200,US,0,US,M
2023,SE,FT,Data Scientist,182000,USD,182000,US,0,US,M
2023,SE,FT,Data Scientist,140000,USD,140000,US,0,US,M
2023,SE,FT,Data Analyst,155000,USD,155000,US,100,US,M
2023,SE,FT,Data Analyst,64000,USD,64000,US,100,US,M
2023,SE,FT,Data Scientist,143100,USD,143100,CA,0,CA,M
2023,SE,FT,Data Scientist,113000,USD,113000,CA,0,CA,M
2023,SE,FT,Data Scientist,140000,USD,140000,US,0,US,M
2023,SE,FT,Data Scientist,120000,USD,120000,US,0,US,M
2023,SE,FT,Data Scientist,180560,USD,180560,US,0,US,M
2023,SE,FT,Data Scientist,115440,USD,115440,US,0,US,M
2023,SE,FT,Data Scientist,140000,USD,140000,US,0,US,M
2023,SE,FT,Data Scientist,120000,USD,120000,US,0,US,M
2023,SE,FT,Data Scientist,120000,USD,120000,CA,0,CA,M
2023,SE,FT,Data Scientist,110000,USD,110000,CA,0,CA,M
